Fabric,Usage,ProductName,POLYESTER,NYLON,POLYURETHANE,RAYON,POLYPROPYLENE,MODAL,POLYETHYLENE,COTTON,PTT,CUPRA,ACETATE,CORDURA,SILK,SPNDEX,혼용율,구성원사/번수,밀도,조직,후가공,Weight,Thick,WeightOut,ThickOut,OUTPUT,,,,,,,,,,
knit,"active, top",SPH-180NP,62,25,13,,,,,,,,,,,," POLYESTER 62%, NYLON 25%, POLYURETHANE 13%",,,,,9.949,0.36,,,WOVEN,,,,,,,,,,
knit,"active, top",TN246-2,95,,5,,,,,,,,,,,,"POLYESTER 95%, POLYURETHANE 5%",,,,,30.404,0.77,,,척도,무게 분류기준,두께 분류기준,,,,,,,,
knit,"active, top",GO-2322PL,84,,16,,,,,,,,,,,,"POLYESTER 84%, POLYURETHANE 16%","CDW P55D SINGLE SPAN/ CDW P55D/60F(84%), SP20D(16%)",,,,13.131,0.37,,,1,12.6미만,0.48미만,,,,,,,,
knit,"active, top",GO-1969ASPL,90,,10,,,,,,,,,,,,"POLYESTER(ASKIN PRIZMA) 90%, POLYURETHANE 10%","ASKIN PRIZMA P80D/84F(90%), SP20D(10%)",,,,15.051,0.42,,,2,12.6이상-16.6미만,0.48이상-0.62미만,,,,,,,,
9,"active, top",SFT-KMY-044P-018,95,,5,,,,,,,,,,,,"POLYESTER 95%, POLYURETHANE 5%",,,,,20.606,0.48,,,3,16.6이상-20.6미만,0.62이상-0.76미만,,,,,,,,
knit,"active, top",SPH-330P,90,,10,,,,,,,,,,,,"POLYESTER 89%, POLYURETHANE 11%",,,,,14.495,0.39,,,4,20.6이상-24.6미만,0.76이상-0.9미만,,,,,,,,
knit,"active, top",GO-1576,90,,10,,,,,,,,,,,,"POLYESTER 90%, POLYURETHANE 10%","P75D/144F DTY(카치온느낌)(45%), P75D/72F DTY(45%), SP20D(1",,SINGLE SPAN(카치온느낌),,14.343,0.45,,,5,24.6이상-28.6미만,0.9이상-1.04미만,,,,,,,,
knit,"active, top",TN128,90,,5,,,,,,,,,,,,"POLYESTER 95%, POLYURETHANE 5%",,,,,20.505,0.56,,,6,28.6이상 - 32.6미만,1.04이상-0.18미만,,,,,,,,
knit,"active, top",OP-4036NP,53,35,12,,,,,,,,,,,,"POLYESTER 53%, NYLON 35%, POLYURETHANE 12%",,,,,16.263,0.47,,,7,32.6이상,1.18이상,,,,,,,,
knit,"active, top",TN513,95,,5,,,,,,,,,,,,"POLYESTER 95%, POLYURETHANE 5%",,,,,25.606,0.68,,,,,,,,,,,,,
knit,"active, top",75/72 SP20,,,,,,,,,,,,,,,,,,,,15.202,0.5,,,,,,,,,,,,,
knit,"active, top",GO-936,92,,8,,,,,,,,,,,,"POLYESTER(PET/CD) 92%, POLYURETHANE 8%","P30D/24F DTY+CD50D/24F(92%), SP20D(8%)",,,,15.354,0.43,,,KNIT,,,,,,,,,,
knit,"active, top",DN-J03570-SR01,42,,,58,,,,,,,,,,,"RAYON 58%, POLYESTER 42%",,,,"SOLID REACTIVE DYE, TENTERING",17.273,0.5,,,척도,무게 분류기준,두께 분류기준,,,,,,,,
knit,"active, top",JERS53(SJ-98118),94,,6,,,,,,,,,,,,"POLYESTER 94%, POLYURETHANE 6%",,,,CIRCULAR KNIT PD WET FINISHED,16.212,0.37,,,1,5.85미만,0.065미만,,,,,,,,
knit,active,TN239-4,90,,10,,,,,,,,,,,,"POLYESTER 90%, POLYURETHANE 10%",,,,,29.343,0.63,,,2,5.85이상-8.32미만,0.065이상-0.12미만,,,,,,,,
knit,"active, top",SJQ-1203P-F,91,,9,,,,,,,,,,,,"POLYESTER 91%, POLYURETHANE 9%",,,,,13.99,0.57,,,3,8.32이상-10.79미만,0.12이상-0.19미만,,,,,,,,
knit,"active, top",GO-2012,85,,15,,,,,,,,,,,,"POLYESTER 85%, POLYURETHANE 15%","P75D/72F DTY(85%), SP30D(15%)",,,,17.475,0.46,,,4,10.79이상-13.26미만,0.19이상-0.26미만,,,,,,,,
knit,"active, top",GO-488,92,,9,,,,,,,,,,,,"POLYESTER 92%, POLYURETHANE 8%","P75D/72F DTY(92%), SPAN(8%)",,SINGLE SPAN,,14.495,0.48,,,5,13.26이상-15.73미만,0.26이상-0.33미만,,,,,,,,
knit,"active, top",GO-1191,91,,9,,,,,,,,,,,,"POLYESTER 91%, POLYURETHANE 9%","P75D/72F DTY(85%), SP20D(9%), PF50D/36F(6%)",,,,15.657,0.46,,,6,15.73이상-18.2미만,0.33이상-0.4미만,,,,,,,,
knit,"active, top",GO-1142-XN,43,,12,,45,,,,,,,,,,"POLYPROPYLENE(XN-LIGHT) 45%, POLYESTER 43%, POLYURETHANE 12%","PP50D/ P30D/72F DTY (67%), PF50D/36F(21%), 저온SP20D(12%)",,,,14.646,0.5,,,7,15.73이상-18.2미만,0.4이상,,,,,,,,
knit,"active, top",GO-2073,82,,18,,,,,,,,,,,,"POLYESTER 82%, POLYURETHANE 18%","P75D/144F DTY(82%), SP40D(18%)",,SINGLE SAPN(양도),,18.737,0.45,,,,,,,,,,,,,
knit,"active, top",AQX70/68 SP20,,,,,,,,,,,,,,,,,,,,16.162,0.46,,,,,,,,,,,,,
knit,"active, top",GO-2332TML,93,,7,,,,,,,,,,,,"POLYESTER(THERMOLIGHT 45%) 93%, POLYURETHANE 7%","P75D/72F DTY(48%), THERMOLITE P70D/96F(45%), 소취 SP20D(7%)",,,,14.444,0.47,,,,,,,,,,,,,
knit,"active, top",GO-2263P-CDP,94,,6,,,,,,,,,,,,"POLYESTER 94%, POLYURETHANE 6%","레아 인팅 P80D(73%), CD P75D/36F(21%), SP15D(6%)",,,,12.879,0.43,,,,,,,,,,,,,
knit,"active, top",GO-2081N,,78,22,,,,,,,,,,,,"NYLON 78%, POLYURETHANE 22%","N70D/68F(78%), SP55D(22%)",,SINGLE SAPN(양도),,21.061,0.52,,,,,,,,,,,,,
knit,"active, top",CDP75D SP40,,,,,,,,,,,,,,,,,,,,15.455,0.54,,,,,,,,,,,,,
knit,"active, top",TEX-7067,,,3,,,97,,,,,,,,,"MODAL 97%, POLYURETHANE 3%",,,,,25.404,0.81,,,,,,,,,,,,,
knit,"active, top",GO-1988ASPL,92,,8,,,,,,,,,,,,"POLYESTER(ASKIN PRIZMA 48%, ASKIN 44%) 92%, POLYURETHANE 8%","ASKIN PRIZMA 80/84(48%), ASKIN 75/36(44%), SP 30D(8%)",,SINGLE SPAN PIQUE,,14.899,0.43,,,,,,,,,,,,,
knit,"active, top",GO-1630P-V1,95,,5,,,,,,,,,,,,"POLYESTER 95%, POLYURETHANE 5%","CD P75D/72F(60%), P50D/72F DTY(35%), SP15D(5%)",,다이아이중지,,17.727,0.55,,,,,,,,,,,,,
knit,"active, top",SP-8075P,89,,11,,,,,,,,,,,,"POLYESTER 89%, POLYURETHANE 11%",,,,,13.99,0.5,,,,,,,,,,,,,
knit,"active, top",GO-577P,92,,8,,,,,,,,,,,,"POLYESTER 92%, POLYURETHANE 8%","CDP85D/96F(92%), SPAN 20D(8%)",,SINGLE,,16.263,0.47,,,,,,,,,,,,,
knit,active,AMS-8794,,90,10,,,,,,,,,,,,NYLON 90% POLYURETHANE 10%,,,,,20.859,0.53,,,,,,,,,,,,,
knit,active,GO-1219,92,,8,,,,,,,,,,,,"POLYESTER 92%, POLYURETHANE 8%","P75D/72F DTY(92%), SP30D(8%)",,,,16.717,0.46,,,,,,,,,,,,,
knit,"active, top",GO-2124-BR,93,,7,,,,,,,,,,,,"POLYESTER 93%, POLYURETHANE 7%","P100D/192F DTY(93%), SP20D(7%)",,,,15.556,0.47,,,,,,,,,,,,,
knit,"active, top",리즈싱글,,,,,,,,,,,,,,,,,,,,8.687,0.39,,,,,,,,,,,,,
knit,"active, top",12F179A,,81,19,,,,,,,,,,,,"NYLON 81%, POLYURETHANE 19%",,,,WET PRINT,19.798,0.65,,,,,,,,,,,,,
knit,"active, top",OP-4017N,,60,40,,,,,,,,,,,,"NYLON 60%, POLYURETHANE 40%",,,,,16.313,0.44,,,,,,,,,,,,,
knit,"active, top",GO-2087PPL,93,,7,,,,,,,,,,,,"POLYESTER(PRIZMA 76%) 93%, POLYURETHANE 7%","효성PRIZMA(CDW) P75D/72F(76%), CD P75D/36F(17%), SP20D(7%)",,,,13.333,0.47,,,,,,,,,,,,,
knit,"active, top",GO-995PMK-V1,,,9,,,,91,,,,,,,,"POLYETHYLENE(MOKA 39%) 91%, POLYURETHANE 9%","P75D/72F DTY(52%), MOKA.C85D/96F(39%), SP20D(9%)",,,,17.677,0.48,,,,,,,,,,,,,
knit,"active, top",GO-698PAT,90,,10,,,,,,,,,,,,"POLYESTER 90%, POLYURETHANE 10%","P75D/72F DTY(74%), PF50D/36F(16%), SP20D(10%)",,,,11.97,0.43,,,,,,,,,,,,,
knit,"active, top",SP-7193P,92,,8,,,,,,,,,,,,"POLYESTER 92%, POLYURETHANE 8%",,,,,17.626,0.57,,,,,,,,,,,,,
knit,active,12F115,,61,39,,,,,,,,,,,,"NYLON 61%, POLYURETHANE 39%",,,,WET PRINT,24.747,0.67,,,,,,,,,,,,,
knit,"active, top",GO-2084PPL,90,,10,,,,,,,,,,,,"POLYESTER(PRIZMA) 90%, POLYURETHANE 10%","PRIZMA(CDW) P75D/72F(90%), SP30D(10%)",,SINGLE SAPN,MELANGE,13.99,0.44,,,,,,,,,,,,,
knit,"active, top",아토믹60싱글,,,,,,,,,,,,,,,,,,,,9.242,0.38,,,,,,,,,,,,,
knit,"active, top",GO-1715,91,,9,,,,,,,,,,,,"POLYESTER 91%, POLYURETHANE 9%","P150D/144F DTY(91%), SP40D(9%)",,SINGLE SPAN(양도),,24.545,0.63,,,,,,,,,,,,,
knit,"active, top",애플스판,,,,,,,,,,,,,,,,,,,,16.717,0.54,,,,,,,,,,,,,
knit,"active, top",GO-663,88,,12,,,,,,,,,,,,"POLYESTER 88%, POLYURETHANE 12%","P75D/72F DTY, PF50D/36F(88%), SP30D(12%)",,EYELET MESH,,14.848,0.45,,,,,,,,,,,,,
knit,"active, top",SP-8075P,89,,11,,,,,,,,,,,,"POLYESTER 89%, POLYURETHANE 11%",,,,,14.394,0.51,,,,,,,,,,,,,
knit,"active, top",GO-1005,92,,8,,,,,,,,,,,,"POLYESTER 92%, POLYURETHANE 8%","P75D/72F DTY(92%), SP20D(8%)",,,,25.101,0.74,,,,,,,,,,,,,
knit,active,GO-2163,92,,8,,,,,,,,,,,,"POLYESTER 92%, POLYURETHANE 8%","P150D/144F(92%), SP(8%)",,SINGLE SAPN(양도),,26.515,0.54,,,,,,,,,,,,,
knit,"active, top",GO-1752,89,,11,,,,,,,,,,,,"POLYESTER 89%, POLYURETHANE 11%","P75D/72F DTY(85%), SP30D(11%), PF30D/24F(4%)",,,,14.495,0.46,,,,,,,,,,,,,
knit,active,SP-7157P,91,,9,,,,,,,,,,,,"POLYESTER 91%, POLYURETHANE 9%",,,,,21.111,0.67,,,,,,,,,,,,,
knit,"active, top",아델후라스판,,,,,,,,,,,,,,,,,,,,23.283,0.86,,,,,,,,,,,,,
knit,active,GO-1207CN,92,,8,,,,,,,,,,,,"POLYESTER(COTNA) 92%, POLYURETHANE 8%","COTNA P160D/108F(92%), SP40D(8%)",,양면민자,,25.101,0.58,,,,,,,,,,,,,
knit,active,14123A,85,,15,,,,,,,,,,,,"POLYESTER 85%, POLYURETHANE 15%",,,,,31.061,0.78,,,,,,,,,,,,,
knit,"active, outer, top",NY ATY SP70,,85,15,,,,,,,,,,,,"NYLON 85%, POLYURETHANE 15%",,,,,32.576,0.8,,,,,,,,,,,,,
knit,"active, top",GO-2255PPL,93,,7,,,,,,,,,,,,"POLYESTER(PRIZMA 38%) 93%, POLYURETHANE 7%","P75D/72F DTY(41%), PRIZMA(CDW) P75D/72F(38%), P30D/24",,양면 크라운 (양도),,23.182,0.75,,,,,,,,,,,,,
knit,"active, top",GO-2378CN,85,,15,,,,,,,,,,,,"POLYESTER(COTNA) 85%, POLYURETHANE 15%","COTNA P80D/72F(85%), SP55D(15%)",,,,19.798,0.7,,,,,,,,,,,,,
knit,"active, top",AS-505,28,,6,46,,,,20,,,,,,,"RAYON 46%, COTTON 20%, POLYESTER 28%, POLYURETHANE 6%",,,,,14.949,0.46,,,,,,,,,,,,,
knit,"active, top",GO-1231-BR2,92,,8,,,,,,,,,,,,"POLYESTER 92%, POLYURETHANE 8%","COTNA P160D/144F(92%), SP30D(8%)",,,,21.515,0.73,,,,,,,,,,,,,
knit,"active, top",TN-611A,,,,,,,,,,,,,,,"CM(COMPACT)[93%], BSY(COTTON DYEABLE)[7%]",CM(COMPACT) 40'S/1[93%]+BSY(COTTON DYEABLE)30D[7%],,,,15.253,0.52,,,,,,,,,,,,,
knit,active,KIRA-110,,80,20,,,,,,,,,,,,"NYLON 80%, POLYURETHANE 20%",,,WET PRINT,,20.455,0.59,,,,,,,,,,,,,
knit,"active, top",SST-S3494,,30,5,65,,,,,,,,,,,"RAYON 65%, NYLON 30%, POLYURETHANE 5%",,,,,26.566,0.74,,,,,,,,,,,,,
knit,"active, top",마들렌스판,,,,,,,,,,,,,,,,,,,,15.455,0.55,,,,,,,,,,,,,
knit,active,GO-1699,86,,14,,,,,,,,,,,,"POLYESTER 86%, POLYURETHANE 14%","P150D/144F(86%), SP70D(14%)",,SINGLE SPAN,,29.495,0.73,,,,,,,,,,,,,
knit,"active, top",TEX-6709,,,10,,,50,,40,,,,,,,"MODAL 50%, COTTON 40%, POLYURETHANE 10%",,,,,18.081,0.66,,,,,,,,,,,,,
knit,"active, top",,,,,,,,,,,,,,,,,,,,,19.192,0.72,,,,,,,,,,,,,
knit,"active, top",TI-7113,96,,4,,,,,,,,,,,,"POLYESTER 96%, POLYURETHANE 4%",,,,,11.364,0.53,,,,,,,,,,,,,
knit,"active, top",GO-2244P-CDP,96,,4,,,,,,,,,,,,"POLYESTER 96%, POLYURETHANE 4%","P75D/36F BRT(56%), CD P150D/48F(40%), SP30D(4%)",,,,14.747,0.6,,,,,,,,,,,,,
knit,active,DNT-4034,,76,24,,,,,,,,,,,,"NYLON 76%, POLYURETHANE 24%",,,,,16.616,0.4,,,,,,,,,,,,,
knit,active,GO-2237,85,,15,,,,,,,,,,,,"POLYESTER 85%, POLYURETHANE 15%","P150D/48F DTY 원착 BLACK(85%), SP70D(15%)",,SINGLE SAPN,,32.172,0.76,,,,,,,,,,,,,
knit,"active, top",DNT-6645,,75,25,,,,,,,,,,,,"NYLON 75%, POLYURETHANE 25%",,,원착 BLACK,,16.919,0.41,,,,,,,,,,,,,
knit,"active, top",FD-4128,,80,20,,,,,,,,,,,,"NYLON 80%, POLYURETHANE 20%",,,,,20.455,0.55,,,,,,,,,,,,,
knit,"active, top",SJD-427P,95,,5,,,,,,,,,,,,"POLYESTER 95%, POLYURETHANE 5%",,,,,22.222,0.73,,,,,,,,,,,,,
knit,"active, outer, top",SMKW-5084-105,52,,,,,,,,48,,,,,,"POLYESTER 52%, PTT 48%",,,,,22.071,0.66,,,,,,,,,,,,,
knit,"active, top",아토믹60스판,,,,,,,,,,,,,,,,,,,,16.414,0.5,,,,,,,,,,,,,
knit,"active, outer, top",15033A,,77,23,,,,,,,,,,,,"NYLON6 77%, POLYURETHANE 23%",,,,,27.374,0.64,,,,,,,,,,,,,
knit,active,DNNT-6545,,71,29,,,,,,,,,,,,"NYLON 71%, POLYURETHANE 29%",,,,,20.253,0.43,,,,,,,,,,,,,
knit,active,GO-1255,92,,8,,,,,,,,,,,,"POLYESTER 92%, POLYURETHANE 8%","P75D/36F DTY(58%), P50D/36F DTY(37%), SP15D(5%)",,,,22.879,0.71,,,,,,,,,,,,,
knit,active,GO-1202,93,,7,,,,,,,,,,,,"POLYESTER 93%, POLYURETHANE 7%","P75D/72F DTY(93%), SP20D(7%)",,,,26.515,0.66,,,,,,,,,,,,,
knit,active,27. 오가닉코튼 60수,,,,,,,,,,,,,,,,,,,,15.606,0.52,,,,,,,,,,,,,
knit,active,DT-2135,74,,26,,,,,,,,,,,,"POLYESTER 74%, POLYURETHANE 26%",,,,,23.586,0.61,,,,,,,,,,,,,
knit,"active, top",F9398,,95,5,,,,,,,,,,,,NYLON 95% POLYURETHANE 5%,,,"DOUBLE, JACQUARD","BRUSHING, COMB, FLEECE, DOUBLE DYE",29.646,1.18,,,,,,,,,,,,,
knit,"active, outer, top",SMKW-5084-108,52,,,,,,,,48,,,,,,"POLYESTER 52%, PTT 48%",,,,,21.465,0.53,,,,,,,,,,,,,
knit,"active, outer",AMS-7048S,97,,3,,,,,,,,,,,,POLYESTER 97% POLYURETHANE 3%,,,,fleece,30.606,1.02,,,,,,,,,,,,,
knit,"active, outer",SFY392,43,49,8,,,,,,,,,,,,NYLON 49% POLYESTER 43% POLYURETHANE 8%,,129*200,,,21.364,0.79,,,,,,,,,,,,,
woven,active,#1826 WR,,82,18,,,,,,,,,,,,"NYLON 82%, POLYURETHANE 18%",N30D 2WAY,,,WR,10.202,0.27,,,,,,,,,,,,,
woven,active,#1711 WR,,88,12,,,,,,,,,,,,"NYLON 88%, POLYURETHANE 12%",,,,"PD, WR",12.323,0.32,,,,,,,,,,,,,
woven,"active, top, dress",NEW 2045 TASLAN,,100,,,,,,,,,,,,,NYLON 100%,N/F 20FD * N/F 45/48 FD ATY (REGEN),,,"PD, WR, WS+A/WS",6.061,0.17,,,,,,,,,,,,,
woven,"active, top, dress",A44PL,,100,,,,,,,,,,,,,NYLON 100%,N/F 40FD DTY * N/F 40FD DTY 66,160*114,,"PD, WR",5.909,0.19,,,,,,,,,,,,,
woven,active,#1623 TPS A/WS,,100,,,,,,,,,,,,,NYLON 100%,,,,"PD, WR, TPS, A/WS",4.091,0.07,,,,,,,,,,,,,
woven,active,CYS15,,100,,,,,,,,,,,,,NYLON 100%,N20D*N22D,,,,7.576,0.11,,,,,,,,,,,,,
woven,"active, top, dress",,,,,,,,,,,,,,,,,,,,,6.667,0.23,,,,,,,,,,,,,
woven,"active, dress",Shan-680RE,,100,,,,,,,,,,,,,NYLON 100%,"N20D 1WAY SPAN, 경사: N20D/24F FD DTY 위사: REGEN20.20 F.Y FD+PU20D",,,,5.657,0.18,,,,,,,,,,,,,
woven,"active, outer",KP-218KP(XP),,100,,,,,,,,,,,,,NYLON 100%,,,,DOWNPROOF (IDFL20-1)& DULL,3.737,0.07,,,,,,,,,,,,,
woven,"active, outer, top",CYSFJ-064,,93,7,,,,,,,,,,,,"NYLON 93%, POLYURETHANE 7%",,,,,15.253,0.39,,,,,,,,,,,,,
woven,active,SN-115C6AWSC0,,100,,,,,,,,,,,,,NYLON 100%,,,,"PD, WR",3.434,0.07,,,,,,,,,,,,,
woven,"active, outer, top",CYSYR-007,92,,8,,,,,,,,,,,,"POLYESTER 92%, POLYURETHANE 8%",,,,,18.081,0.38,,,,,,,,,,,,,
woven,"active, top, dress",,,,,,,,,,,,,,,,,,,,,7.071,0.23,,,,,,,,,,,,,
woven,"active, top",H4410,100,,,,,,,,,,,,,,POLYESTER 100%,P/DTY50D 잠재권축사*P/DTY50D 잠재권축사,,,"PD, WR",9.646,0.31,,,,,,,,,,,,,
woven,active,CYS17,,100,,,,,,,,,,,,,NYLON 100%,N20D*N23D,,,,8.838,0.19,,,,,,,,,,,,,
woven,"active, dress",SB-P30 STELLA,100,,,,,,,,,,,,,,POLYESTER 100%,P DTY 30 SD * P DTY 30D (고신축),,,"PD, WR, Pu",5.505,0.18,,,,,,,,,,,,,
woven,"active, outer, top",CYSZD-0300,,90,10,,,,,,,,,,,,"NYLON 90%, POLYURETHANE 10%",,,,,13.485,0.44,,,,,,,,,,,,,
woven,active,#1752 PD WR,,86,14,,,,,,,,,,,,"NYLON 86%, POLYURETHANE 14%",,,,"PD, WR",17.222,0.36,,,,,,,,,,,,,
woven,"active, top",#1750,,90,10,,,,,,,,,,,,"NYLON 90%, POLYURETHANE 10%",,,,W/R,12.929,0.38,,,,,,,,,,,,,
woven,active,CYS02,,100,,,,,,,,,,,,,NYLON 100%,N20D*N20D,,,,4.242,0.06,,,,,,,,,,,,,
woven,active,#1623 HW,,100,,,,,,,,,,,,,NYLON 100%,,,,"PD, WR, HW",4.949,0.11,,,,,,,,,,,,,
woven,active,#1003 WR,,100,,,,,,,,,,,,,NYLON 100%,,,,"WR, AIRSHELL",3.384,0.13,,,,,,,,,,,,,
woven,active,#1840 DP,,82,18,,,,,,,,,,,,"NYLON 82%, POLYURETHANE 18%",,,,"PD, WR, DP, #1829 WIDE VER",9.343,0.24,,,,,,,,,,,,,
woven,active,CYS19,100,,,,,,,,,,,,,,POLYESTER 100%,P50D*P51D,,,,10.303,0.17,,,,,,,,,,,,,
woven,active,GTMS-069,100,,,,,,,,,,,,,,POLYESTER 100%,,,,P/D ,3.788,0.32,,,,,,,,,,,,,
woven,active,SJ-1056,,,3,,,,,48,,49,,,,,"CUPRA 49%, COTTON 48%, POLYURETHANE 3%",,,,,14.444,0.33,,,,,,,,,,,,,
woven,active,CYS03,,100,,,,,,,,,,,,,NYLON 100%,N20D*N20D,,,,3.889,0.08,,,,,,,,,,,,,
woven,"active, outer",PAPI-7604XP,,100,,,,,,,,,,,,,NYLON 100%,,,,"X-PROOF (DOWNPROOF, EN12132-1)& DULL FACE",3.889,0.08,,,,,,,,,,,,,
woven,"active, dress",CYS01,,100,,,,,,,,,,,,,NYLON 100%,N20D*N20D,,,,3.687,0.08,,,,,,,,,,,,,
woven,"active, outer",KKB-1130HZ,59,41,,,,,,,,,,,,,"POLYESTER 59%, NYLON 41%",,,,"W/R, HYPER-CHINTZ(친즈가공)",4.495,0.06,,,,,,,,,,,,,
woven,active,CYS13,,100,,,,,,,,,,,,,NYLON 100%,N20D*N20D,,,,5.758,0.08,,,,,,,,,,,,,
woven,"active, dress",SB-SAM RIS,,100,,,,,,,,,,,,,NYLON 100%,N15 DTY SD * N15 DTY SD,,,"PD, WR, Pu",4.343,0.12,,,,,,,,,,,,,
woven,active,SB-SH 1992,,100,,,,,,,,,,,,,NYLON 100%,N/F 10 BRT * N/F 10 BRT,242*236,,"PD, WR, SILICONE",2.576,0.05,,,,,,,,,,,,,
woven,active,CYS24,100,,,,,,,,,,,,,,POLYESTER 100%,P50D*P51D,,,,13.182,0.18,,,,,,,,,,,,,
woven,"active, outer, top, dress",14. 크리즈인견,,,,,,,,,,,,,,,,,,,,8.485,0.22,,,,,,,,,,,,,
woven,active,CYS21,100,,,,,,,,,,,,,,POLYESTER 100%,P150D*P150D,,,,13.283,0.32,,,,,,,,,,,,,
woven,active,#1032 C2L,,82,18,,,,,,,,,,,,"NYLON 82%, POLYURETHANE 18%",,,,"2L(WP5000/MVP5000), AIRSHELL",10.101,0.22,,,,,,,,,,,,,
woven,"active, top",ATTIVO-703,,100,,,,,,,,,,,,,NYLON 100%,,,,,5.152,0.07,,,,,,,,,,,,,
woven,"active, top",NA5005,,90,10,,,,,,,,,,,,NYLON 90% POLYURETHANE 10%,N50+PU20 * N50+PU20+N75 (중공사),,,"PD, WR",11.768,0.36,,,,,,,,,,,,,
woven,"active, outer, top, dress",24.진흙,,,,,,,,,,,,,,,,,,,,7.677,0.21,,,,,,,,,,,,,
woven,active,CYS14,,100,,,,,,,,,,,,,NYLON 100%,N20D*N21D,,,,5,0.1,,,,,,,,,,,,,
woven,active,CYSFJ-079,91,,9,,,,,,,,,,,,"POLYESTER 91%, POLYURETHANE 9%",,,,,15.051,0.39,,,,,,,,,,,,,
woven,"active, outer",SFT-WKL-001-024,,100,,,,,,,,,,,,,NYLON 100%,N20D(400T),,PLAIN,,4.04,0.09,,,,,,,,,,,,,
woven,active,SB-H7013,,91,9,,,,,,,,,,,,NYLON 91% POLYURETHANE 9%,N30D FD * N30D FD + PU20,212*132,,"PD, WR",6.717,0.2,,,,,,,,,,,,,
woven,active,SB-YF 25,,100,,,,,,,,,,,,,NYLON 100%,N/F 20D SD * N/F 20D SD,215*178,,"WR, DOWN PROOF, CIT",3.788,0.08,,,,,,,,,,,,,
woven,"active, top",SB-UQ75FD,100,,,,,,,,,,,,,,POLYESTER 100%,P/F 75/48 FD DTY(MS) * P/F 75/48 FD DTY(MS),140*142,,"PD, WR",11.061,0.35,,,,,,,,,,,,,
woven,"active, dress",SB-FB 400,,100,,,,,,,,,,,,,NYLON 100%,N15D * N15D,204*204,,"GH, WR, PU, 실리콘",3.737,0.12,,,,,,,,,,,,,
woven,active,678059,34,66,,,,,,,,,,,,,"NYLON 66%, POLYESTER 34%",,,PLAIN,MELANGE,7.727,0.15,,,,,,,,,,,,,
woven,"active, outer, top",#YPS-15077,,35,,,,,,65,,,,,,,"COTTON 65%, NYLON 35%",,,,"PD, WR, PEACH, PU C/T, A/WS",10.253,0.24,,,,,,,,,,,,,
woven,active,CYS18,100,,,,,,,,,,,,,,POLYESTER 100%,P50D*P50D,,,,7.374,0.19,,,,,,,,,,,,,
woven,active,CYS26,100,,,,,,,,,,,,,,POLYESTER 100%,P75D*P75D,,,,13.434,0.47,,,,,,,,,,,,,
woven,"active, outer, top, dress",15.몬테스코팅,,,,,,,,,,,,,,,,,,,,6.364,0.17,,,,,,,,,,,,,
woven,active,SB-HK S105S,,100,,,,,,,,,,,,,NYLON 100%,N/F 20 BRT * N/F 20 BRT + N/F 70SD,205*175,,,4.899,0.11,,,,,,,,,,,,,
woven,active,SB-CN30 BRT,,100,,,,,,,,,,,,,NYLON 100%,N/F 30D BRT * N/F 43D BRT + N/F 70D BRT 2PLY,,,"PD, WR, SILICONE CIRE",5,0.15,,,,,,,,,,,,,
woven,active,20,,100,,,,,,,,,,,,,NYLON 100%,N/N20,,,"PD, WR",5.354,0.14,,,,,,,,,,,,,
woven,"active, outer",CREAMS,,21,3,,,,,76,,,,,,,"COTTON 76%, NYLON 21%, POLYURETHANE 3%",,,,,9.293,0.23,,,,,,,,,,,,,
woven,"active, outer",BPT-427HZ,100,,,,,,,,,,,,,,POLYESTER 100%,P/P75D(1450T/M),,PLAIN,,12.879,0.24,,,,,,,,,,,,,
woven,"active, dress",528128,100,,,,,,,,,,,,,,POLYESTER 100%,,2/1 TWILL(左方向),,,6.313,0.12,,,,,,,,,,,,,
woven,"active, top, dress",2,,20,7,,,,,73,,,,,,,"COTTON 73%, NYLON 20%, POLYURETHANE 7%",C/N80'S,,PLAIN,"PD, 유연",8.283,0.21,,,,,,,,,,,,,
woven,"active, outer",12,100,,,,,,,,,,,,,,POLYESTER 100%,P/P75,,,"PD, WR",15,0.31,,,,,,,,,,,,,
woven,active,#1834,,81,19,,,,,,,,,,,,"NYLON 81%, POLYURETHANE 19%",,333*186,,"PD, WR",12.374,0.35,,,,,,,,,,,,,
woven,active,FD 410T,,100,,,,,,,,,,,,,NYLON 100%,N/F 20FD * N/F 20FD,178*170,,"PD, WR, DP, C/T",3.737,0.08,,,,,,,,,,,,,
woven,"active, outer, top",15,,100,,,,,,,,,,,,,NYLON 100%,N/N70D,,PLAIN,"PD, WR",21.465,0.64,,,,,,,,,,,,,
woven,"active, outer",SUPPLEX PU,,100,,,,,,,,,,,,,NYLON 100%,N70D FD * N160D FD ATY,160*72,,"WR, PU",10.505,0.25,,,,,,,,,,,,,
woven,active,CYS04,,100,,,,,,,,,,,,,NYLON 100%,20D*20D+20D,,,,5.303,0.12,,,,,,,,,,,,,
woven,"active, outer, top, dress",13. 민들레,,,,,,,,,,,,,,,,,,,,13.687,0.47,,,,,,,,,,,,,
woven,"active, dress",NC 30's 1/3 TWILL FD-3,,45,,,,,,55,,,,,,,NYLON 45% COTTON 55%,P/F 70D FD * CM 30S,194*97,TWILL,"PD, WR",13.586,0.29,,,,,,,,,,,,,
woven,active,SB-I2080 R/S Tpu,13,87,,,,,,,,,,,,,NYLON 87% POLYESTER 13%,NF/20D SD + NP80 ITY SD * N/F 20D SD + NP80 ITY SD,226*160,Ripstop,"WR, Tpu",7.172,0.2,,,,,,,,,,,,,
woven,"active, outer, top, dress",25.서랑,,,,,,,,,,,,,,,,,,,,7.172,0.2,,,,,,,,,,,,,
woven,active,CYS25,,100,,,,,,,,,,,,,NYLON 100%,N75D*N100D,,,,18.283,0.48,,,,,,,,,,,,,
woven,active,CYS11,100,,,,,,,,,,,,,,POLYESTER 100%,P50D*P50D,,,,7.02,0.13,,,,,,,,,,,,,
woven,active,H2O-P356R,100,,,,,,,,,,,,,,POLYESTER 100%,,,2LAYER,"PD, WR",15.101,0.28,,,,,,,,,,,,,
woven,"active, top, dress",43,,53,,,,,,47,,,,,,,"NYLON 53%, COTTON 47%",N/C60'S,,,"PD, WR",8.939,0.22,,,,,,,,,,,,,
woven,active,CYS29,100,,,,,,,,,,,,,,POLYESTER 100%,P75D*P75D,,,,11.919,0.23,,,,,,,,,,,,,
woven,"active, outer, top, dress",10.오가닉 60's,,,,,,,,,,,,,,,,,,,,12.273,0.29,,,,,,,,,,,,,
woven,active,CYS22,100,,,,,,,,,,,,,,POLYESTER 100%,P50D*P51D,,,,11.465,0.22,,,,,,,,,,,,,
woven,"active, top, dress",JQ 2600,49,,,,,,,,,,51,,,,"ACETATE 51%, POLYESTER 49%",,,,,8.485,0.18,,,,,,,,,,,,,
woven,active,H2O-XN560,,89,11,,,,,,,,,,,,"NYLON 89%, POLYURETHANE 11%",N20D*(N30D+PU20D),,,"PD, WR, COATED, A.WS, COTTON LIKE NYLON WEFT STRETCH",11.717,0.28,,,,,,,,,,,,,
woven,"active, outer, top",YE223,,37,,,,,,63,,,,,,,"COTTON 63%, NYLON 37%",,,,"NATURALMIXTURE, PD, WR",17.172,0.37,,,,,,,,,,,,,
woven,"active, outer, top",88,,50,,,,,,50,,,,,,,"COTTON 50%, NYLON 50%",N/C40*60,,PLAIN,"PD, WR",8.889,0.23,,,,,,,,,,,,,
woven,"active, outer",SMV-112,,,,,,,,50,,,,50,,,"CORDURA 50%, COTTON 50%",,,,"PD, WR",13.939,0.33,,,,,,,,,,,,,
woven,active,R1602 DP,34,66,,,,,,,,,,,,,NYLON 66% POLYESTER 34%,N/F 30/34 FD * NPI 50*44 SD,168*126,,"PD, WR, DP, CT",5.202,0.1,,,,,,,,,,,,,
woven,active,CYS27,100,,,,,,,,,,,,,,POLYESTER 100%,P75D*P75D,,,,11.566,0.3,,,,,,,,,,,,,
woven,"active, outer, top",YNC202-2(A/W),,36,,,,,,64,,,,,,," COTTON 64%, NYLON 36%",,,,,15.707,0.34,,,,,,,,,,,,,
woven,active,CYS28,100,,,,,,,,,,,,,,POLYESTER 100%,P150D*P150D,,,,13.889,0.36,,,,,,,,,,,,,
woven,"active, outer",BPT-846,83,17,,,,,,,,,,,,,"POLYESTER 83%, NYLON 17%",NP/P75D,,PLAIN,MEMORY,12.727,0.23,,,,,,,,,,,,,
woven,"active, top, dress",JQ 0600,100,,,,,,,,,,,,,,POLYESTER 100%,,,,,6.414,0.13,,,,,,,,,,,,,
woven,"active, outer",MQ36-SH,100,,,,,,,,,,,,,,POLYESTER 100%,,,,"PD, WR",15.253,0.3,,,,,,,,,,,,,
woven,"active, outer, top, dress",12. 쿨스판,,,,,,,,,,,,,,,,,,,,16.162,0.33,,,,,,,,,,,,,
woven,"active, outer",FD POSLAN,100,,,,,,,,,,,,,,POLYESTER 100%,P75 FD DTY * P150 FD DTY 2P,130*53,,"PD, WR, Pu",12.475,0.27,,,,,,,,,,,,,
woven,"active, outer",F/W 4097A,55,,,,,,,,,,,,45,,"POLYESTER 55%, SILK 45%",,,,,8.333,0.22,,,,,,,,,,,,,
woven,"active, outer",678171,,100,,,,,,,,,,,,,NYLON 100%,,,,,8.737,0.21,,,,,,,,,,,,,
woven,active,CYS12,,100,,,,,,,,,,,,,NYLON 100%,N30D*N30D,,,,5.202,0.09,,,,,,,,,,,,,
woven,"active, top",CYS16,100,,,,,,,,,,,,,,POLYESTER 100%,P75D*P75D,,,,8.03,0.2,,,,,,,,,,,,,
woven,"active, outer",96,100,,,,,,,,,,,,,,POLYESTER 100%,P/P75*150,,,"PD, WR",11.818,0.24,,,,,,,,,,,,,
woven,"active, outer, dress",11. 깐졸리,,,,,,,,,,,,,,,,,,,,15,0.36,,,,,,,,,,,,,
woven,"active, outer",CYSLJ-0108,,32,4,,,,,64,,,,,,,"COTTON 64%, NYLON 32%, POLYURETHANE4%",40*100D*40D,,,,16.818,0.37,,,,,,,,,,,,,
woven,"active, outer",BBS-033,100,,,,,,,,,,,,,,POLYESTER 100%,,,PLAIN,,15.808,0.26,,,,,,,,,,,,,
woven,active,CYS23,100,,,,,,,,,,,,,,POLYESTER 100%,P75D*P75D,,,,14.646,0.32,,,,,,,,,,,,,
woven,"active, outer",TYVEK-UM29,100,,,,,,,,,,,,,,"F: POLYURETHANE 100%, B: HDPE 100%",,,,,8.586,0.26,,,,,,,,,,,,,
woven,active,XX1,85,,15,,,,,,,,,,,,"POLYESTER 85%, POLYURETHANE 15%",,,,,,0.64,,,,,,,,,,,,,
woven,active,PY2,,78,,,,,,,,,,,,22,"NYLON 78%, SPNDEX 22%",,,,,,0.48,,,,,,,,,,,,,
woven,active,AR3,,74,26,,,,,,,,,,,,"NYLON 74%, POLYURETHANE 26%",,,,,,0.73,,,,,,,,,,,,,
woven,active,SG4,85,,15,,,,,,,,,,,,"POLYESTER 85%, POLYURETHANE 15%",,,,,,0.82,,,,,,,,,,,,,
woven,active,CR5,83,,,,,,,,,,,,,17,"POLYESTER 83%, SPNDEX 17%",,,,,,0.51,,,,,,,,,,,,,
woven,active,SL6,85,,15,,,,,,,,,,,,"POLYESTER 85%, POLYURETHANE 15%",,,,,,0.67,,,,,,,,,,,,,
woven,active,AE7,,75,,,,,,,,,,,,25,"NYLON 75%, SPNDEX 25%",,,,,,0.44,,,,,,,,,,,,,
woven,active,GE8,,75,25,,,,,,,,,,,,"NYLON 75%, POLYURETHANE 25%",,,,,,0.76,,,,,,,,,,,,,
woven,active,MR9,,71,29,,,,,,,,,,,,"NYLON 71%, POLYURETHANE 29%",,,,,,0.42,,,,,,,,,,,,,
woven,active,AE10,,82,18,,,,,,,,,,,,"NYLON 82%, POLYURETHANE 18%",,,,,,0.48,,,,,,,,,,,,,
노란색 부분은 의류시험원 데이터,,,,,,,,,,,,,,,,,,,,,,,,,,,,,,,,,,,,
,,,,,,,,,,,,,,,,,,,,,,,,,,,,,,,,,,,,
,,,,,,,,,,,,,,,,,,,,,,,,,,,,,,,,,,,,
,,,,,,,,,,,,,,,,,,,,,,,,,,,,,,,,,,,,
,,,,,,,,,,,,,,,,,,,,,,,,,,,,,,,,,,,,
,,,,,,,,,,,,,,,,,,,,,,,,,,,,,,,,,,,,
,,,,,,,,,,,,,,,,,,,,,,,,,,,,,,,,,,,,
,,,,,,,,,,,,,,,,,,,,,,,,,,,,,,,,,,,,
,,,,,,,,,,,,,,,,,,,,,,,,,,,,,,,,,,,,
,,,,,,,,,,,,,,,,,,,,,,,,,,,,,,,,,,,,
,,,,,,,,,,,,,,,,,,,,,,,,,,,,,,,,,,,,
,,,,,,,,,,,,,,,,,,,,,,,,,,,,,,,,,,,,
,,,,,,,,,,,,,,,,,,,,,,,,,,,,,,,,,,,,
,,,,,,,,,,,,,,,,,,,,,,,,,,,,,,,,,,,,
,,,,,,,,,,,,,,,,,,,,,,,,,,,,,,,,,,,,
,,,,,,,,,,,,,,,,,,,,,,,,,,,,,,,,,,,,
,,,,,,,,,,,,,,,,,,,,,,,,,,,,,,,,,,,,
,,,,,,,,,,,,,,,,,,,,,,,,,,,,,,,,,,,,
,,,,,,,,,,,,,,,,,,,,,,,,,,,,,,,,,,,,
,,,,,,,,,,,,,,,,,,,,,,,,,,,,,,,,,,,,
,,,,,,,,,,,,,,,,,,,,,,,,,,,,,,,,,,,,
,,,,,,,,,,,,,,,,,,,,,,,,,,,,,,,,,,,,
,,,,,,,,,,,,,,,,,,,,,,,,,,,,,,,,,,,,
,,,,,,,,,,,,,,,,,,,,,,,,,,,,,,,,,,,,
,,,,,,,,,,,,,,,,,,,,,,,,,,,,,,,,,,,,
,,,,,,,,,,,,,,,,,,,,,,,,,,,,,,,,,,,,
,,,,,,,,,,,,,,,,,,,,,,,,,,,,,,,,,,,,
,,,,,,,,,,,,,,,,,,,,,,,,,,,,,,,,,,,,
,,,,,,,,,,,,,,,,,,,,,,,,,,,,,,,,,,,,
,,,,,,,,,,,,,,,,,,,,,,,,,,,,,,,,,,,,
,,,,,,,,,,,,,,,,,,,,,,,,,,,,,,,,,,,,
,,,,,,,,,,,,,,,,,,,,,,,,,,,,,,,,,,,,
,,,,,,,,,,,,,,,,,,,,,,,,,,,,,,,,,,,,
,,,,,,,,,,,,,,,,,,,,,,,,,,,,,,,,,,,,
,,,,,,,,,,,,,,,,,,,,,,,,,,,,,,,,,,,,
,,,,,,,,,,,,,,,,,,,,,,,,,,,,,,,,,,,,
,,,,,,,,,,,,,,,,,,,,,,,,,,,,,,,,,,,,
,,,,,,,,,,,,,,,,,,,,,,,,,,,,,,,,,,,,
,,,,,,,,,,,,,,,,,,,,,,,,,,,,,,,,,,,,
,,,,,,,,,,,,,,,,,,,,,,,,,,,,,,,,,,,,
,,,,,,,,,,,,,,,,,,,,,,,,,,,,,,,,,,,,
,,,,,,,,,,,,,,,,,,,,,,,,,,,,,,,,,,,,
,,,,,,,,,,,,,,,,,,,,,,,,,,,,,,,,,,,,
,,,,,,,,,,,,,,,,,,,,,,,,,,,,,,,,,,,,
,,,,,,,,,,,,,,,,,,,,,,,,,,,,,,,,,,,,
,,,,,,,,,,,,,,,,,,,,,,,,,,,,,,,,,,,,
,,,,,,,,,,,,,,,,,,,,,,,,,,,,,,,,,,,,
,,,,,,,,,,,,,,,,,,,,,,,,,,,,,,,,,,,,
,,,,,,,,,,,,,,,,,,,,,,,,,,,,,,,,,,,,
,,,,,,,,,,,,,,,,,,,,,,,,,,,,,,,,,,,,
,,,,,,,,,,,,,,,,,,,,,,,,,,,,,,,,,,,,
,,,,,,,,,,,,,,,,,,,,,,,,,,,,,,,,,,,,
,,,,,,,,,,,,,,,,,,,,,,,,,,,,,,,,,,,,
,,,,,,,,,,,,,,,,,,,,,,,,,,,,,,,,,,,,
,,,,,,,,,,,,,,,,,,,,,,,,,,,,,,,,,,,,
,,,,,,,,,,,,,,,,,,,,,,,,,,,,,,,,,,,,
,,,,,,,,,,,,,,,,,,,,,,,,,,,,,,,,,,,,
,,,,,,,,,,,,,,,,,,,,,,,,,,,,,,,,,,,,
,,,,,,,,,,,,,,,,,,,,,,,,,,,,,,,,,,,,
,,,,,,,,,,,,,,,,,,,,,,,,,,,,,,,,,,,,
,,,,,,,,,,,,,,,,,,,,,,,,,,,,,,,,,,,,
,,,,,,,,,,,,,,,,,,,,,,,,,,,,,,,,,,,,
,,,,,,,,,,,,,,,,,,,,,,,,,,,,,,,,,,,,
,,,,,,,,,,,,,,,,,,,,,,,,,,,,,,,,,,,,
,,,,,,,,,,,,,,,,,,,,,,,,,,,,,,,,,,,,
,,,,,,,,,,,,,,,,,,,,,,,,,,,,,,,,,,,,
,,,,,,,,,,,,,,,,,,,,,,,,,,,,,,,,,,,,
,,,,,,,,,,,,,,,,,,,,,,,,,,,,,,,,,,,,
,,,,,,,,,,,,,,,,,,,,,,,,,,,,,,,,,,,,
,,,,,,,,,,,,,,,,,,,,,,,,,,,,,,,,,,,,
,,,,,,,,,,,,,,,,,,,,,,,,,,,,,,,,,,,,
,,,,,,,,,,,,,,,,,,,,,,,,,,,,,,,,,,,,
,,,,,,,,,,,,,,,,,,,,,,,,,,,,,,,,,,,,
,,,,,,,,,,,,,,,,,,,,,,,,,,,,,,,,,,,,
,,,,,,,,,,,,,,,,,,,,,,,,,,,,,,,,,,,,
,,,,,,,,,,,,,,,,,,,,,,,,,,,,,,,,,,,,
,,,,,,,,,,,,,,,,,,,,,,,,,,,,,,,,,,,,
,,,,,,,,,,,,,,,,,,,,,,,,,,,,,,,,,,,,
,,,,,,,,,,,,,,,,,,,,,,,,,,,,,,,,,,,,
,,,,,,,,,,,,,,,,,,,,,,,,,,,,,,,,,,,,
,,,,,,,,,,,,,,,,,,,,,,,,,,,,,,,,,,,,
,,,,,,,,,,,,,,,,,,,,,,,,,,,,,,,,,,,,
,,,,,,,,,,,,,,,,,,,,,,,,,,,,,,,,,,,,
,,,,,,,,,,,,,,,,,,,,,,,,,,,,,,,,,,,,
,,,,,,,,,,,,,,,,,,,,,,,,,,,,,,,,,,,,
,,,,,,,,,,,,,,,,,,,,,,,,,,,,,,,,,,,,
,,,,,,,,,,,,,,,,,,,,,,,,,,,,,,,,,,,,
,,,,,,,,,,,,,,,,,,,,,,,,,,,,,,,,,,,,
,,,,,,,,,,,,,,,,,,,,,,,,,,,,,,,,,,,,